district Name,score,rank
Hingoli,66.14415,1
Raigad,57.52493,2
Mumbai,55.88012,3
Solapur,54.13753,4
Jalgaon,54.10957,5
Sangli,53.87575,6
Pune,53.37465,7
Gondia,52.21377,8
Amravati,51.93798,9
Sindhudurg,51.66669,10
Satara,50.17681,11
Chandrapur,50.06927,12
