district Name,score,rank
Yavatmal,41.71051,25
Beed,41.21992,26
Chhatrapati Sambhajinagar,41.06297,27
Pune,41.01579,28
Hingoli,39.80453,29
Dharashiv,39.27499,30
Mumbai,38.90913,31
Parbhani,38.76934,32
Latur,38.36531,33
Dhule,36.66412,34
Jalna,33.39484,35
Ahmednagar,32.48992,36
