district Name,score,rank
Satara,25.78361,25
Sindhudurg,23.75398,26
Beed,22.91962,27
Yavatmal,22.63259,28
Chhatrapati Sambhajinagar,22.29469,29
Sangli,21.63223,30
Dharashiv,20.12161,31
Nandurbar,19.48378,32
Nanded,19.08961,33
Hingoli,13.66799,34
Dhule,13.46065,35
Latur,12.07238,36
