district Name,score,rank
Wardha,25.00429,25
Jalgaon,22.92976,26
Yavatmal,22.59631,27
Parbhani,22.11569,28
Dhule,20.78416,29
Beed,20.72333,30
Amravati,20.26791,31
Nanded,19.80044,32
Washim,19.53946,33
Akola,19.33908,34
Nandurbar,18.51206,35
Buldhana,13.21075,36
