district Name,score,rank
Yavatmal,49.48585,13
Wardha,48.71388,14
Washim,48.58102,15
Kolhapur,46.08824,16
Ratnagiri,45.63442,17
Nandurbar,45.35491,18
Akola,45.02055,19
Buldhana,44.56196,20
Jalna,43.63973,21
Ahmednagar,43.43712,22
Nagpur,42.7978,23
Nashik,42.41056,24
