district Name,score,rank
Bhandara,60.00629,13
Amravati,59.84797,14
Jalgaon,59.26646,15
Solapur,59.03088,16
Satara,58.78761,17
Nashik,58.25477,18
Kolhapur,57.90891,19
Dharashiv,57.60185,20
Jalna,57.23758,21
Hingoli,57.1459,22
Parbhani,55.44508,23
Washim,54.9257,24
