district Name,score,rank
Sangli,51.3475,13
Buldhana,50.10324,14
Satara,48.62964,15
Thane,48.45868,16
Gadchiroli,48.17242,17
Nanded,47.13204,18
Kolhapur,47.02456,19
Jalgaon,45.09987,20
Solapur,44.94939,21
Nandurbar,44.17224,22
Nagpur,44.11906,23
Nashik,43.34522,24
